{"cameraMode":{"drawMode":0,"name":"Shaded","section":"Shading Mode"},"sceneLighting":false,"audioPlay":false,"sceneViewState":{"m_AlwaysRefresh":false,"showFog":true,"showSkybox":false,"showFlares":true,"showImageEffects":true,"showParticleSystems":true,"showVisualEffectGraphs":true,"m_FxEnabled":true},"in2DMode":false,"pivot":{"x":3.678579330444336,"y":-0.08270430564880371,"z":10.863248825073243},"rotation":{"x":0.27557623386383059,"y":0.6309319734573364,"z":-0.25626543164253237,"w":0.6784902215003967},"size":8.487874031066895,"orthographic":false}